{"focus_value": 0.415439894930208, "baseline_ready": true, "baseline_progress": 1.0, "theta_power": 1.1265809491813674, "alpha_power": 0.7612784872963669, "beta_power": 0.9147344396935921, "signal_quality": 0.8113606770833334, "channel_power": {"TP9": 0.8012163293599845, "AF7": 1.175226895360902, "AF8": 0.8947199348195406, "TP10": 1.0901685217933141}, "session_start_time": 1782198911.2831, "session_active": false, "heart_rate": 81.99288256227757, "device_connected": true, "demo_finished": true, "prediction_started": true}